[
  {
    "id": "69ed5106-cf6a-418b-97f9-fba014d30012",
    "data": [
      {
        "text": "I want to hug youg cat",
        "userDefined": false
      }
    ],
    "isTemplate": false,
    "count": 0,
    "updated": 1541121432
  },
  {
    "id": "7f6021bb-c7f6-4f9d-9311-aab37b9022da",
    "data": [
      {
        "text": "Show me a lovely kitten",
        "userDefined": false
      }
    ],
    "isTemplate": false,
    "count": 0,
    "updated": 1541121432
  },
  {
    "id": "f0cae986-37b9-41b4-a41b-232b34a97ba9",
    "data": [
      {
        "text": "kitty kitty kitty",
        "userDefined": false
      }
    ],
    "isTemplate": false,
    "count": 0,
    "updated": 1541121432
  },
  {
    "id": "a8a3e1f6-5762-4342-b43b-7b57a407689c",
    "data": [
      {
        "text": "I am crazy about small cats",
        "userDefined": false
      }
    ],
    "isTemplate": false,
    "count": 0,
    "updated": 1541121432
  },
  {
    "id": "fc5393da-c222-49c5-99eb-c6ac2d5609ac",
    "data": [
      {
        "text": "I love kittens",
        "userDefined": false
      }
    ],
    "isTemplate": false,
    "count": 0,
    "updated": 1541121432
  },
  {
    "id": "b4d1bd5e-325e-4ed3-b20e-27e2c0720e36",
    "data": [
      {
        "text": "I like kittens",
        "userDefined": false
      }
    ],
    "isTemplate": false,
    "count": 0,
    "updated": 1541121432
  }
]