[
  {
    "id": "4674a413-c1d1-410f-ac71-50eb4d663b3b",
    "data": [
      {
        "text": "Oh i would like the ",
        "userDefined": false
      },
      {
        "text": "third",
        "alias": "ordinal",
        "meta": "@sys.ordinal",
        "userDefined": false
      },
      {
        "text": " kitten please",
        "userDefined": false
      }
    ],
    "isTemplate": false,
    "count": 0,
    "updated": 1541124545
  },
  {
    "id": "d1fdfd7b-edea-4e7c-a64a-c978ce943dbb",
    "data": [
      {
        "text": "Select the ",
        "userDefined": false
      },
      {
        "text": "second",
        "alias": "ordinal",
        "meta": "@sys.ordinal",
        "userDefined": false
      },
      {
        "text": " kitten",
        "userDefined": false
      }
    ],
    "isTemplate": false,
    "count": 0,
    "updated": 1541124545
  },
  {
    "id": "25e39922-e30b-4409-9e1a-e89186016640",
    "data": [
      {
        "text": "Please pick the ",
        "userDefined": false
      },
      {
        "text": "first",
        "alias": "ordinal",
        "meta": "@sys.ordinal",
        "userDefined": false
      },
      {
        "text": " kitten",
        "userDefined": false
      }
    ],
    "isTemplate": false,
    "count": 0,
    "updated": 1541124545
  },
  {
    "id": "7f33f372-9a09-4f50-8e4b-0f65d2efbf90",
    "data": [
      {
        "text": "I want this one",
        "userDefined": false
      }
    ],
    "isTemplate": false,
    "count": 0,
    "updated": 1541124545
  }
]