[
  {
    "id": "2edf7a86-7124-4c8e-9716-a866595705c0",
    "data": [
      {
        "text": "Aurevoir",
        "userDefined": false
      }
    ],
    "isTemplate": false,
    "count": 0,
    "updated": 1541121608
  },
  {
    "id": "93f66608-720a-41c5-b41a-f700e287c220",
    "data": [
      {
        "text": "Bye",
        "userDefined": false
      }
    ],
    "isTemplate": false,
    "count": 0,
    "updated": 1541121608
  },
  {
    "id": "1045239a-9e2e-427f-a0ff-0adec5dac40f",
    "data": [
      {
        "text": "go back",
        "userDefined": false
      }
    ],
    "isTemplate": false,
    "count": 0,
    "updated": 1541121608
  },
  {
    "id": "f28e9bce-63f7-4bb5-b11f-42717f1c8d23",
    "data": [
      {
        "text": "escape",
        "userDefined": false
      }
    ],
    "isTemplate": false,
    "count": 0,
    "updated": 1541121608
  },
  {
    "id": "b0f86155-70fc-4065-bf1c-7c9ffacd1ada",
    "data": [
      {
        "text": "quitting",
        "userDefined": false
      }
    ],
    "isTemplate": false,
    "count": 0,
    "updated": 1541121608
  },
  {
    "id": "ef08f767-cb02-4d24-b024-40e935cd7f46",
    "data": [
      {
        "text": "quit",
        "userDefined": false
      }
    ],
    "isTemplate": false,
    "count": 0,
    "updated": 1541121608
  },
  {
    "id": "714f7462-412c-4190-ac72-eadb729d5792",
    "data": [
      {
        "text": "i am leaving",
        "userDefined": false
      }
    ],
    "isTemplate": false,
    "count": 0,
    "updated": 1541121608
  },
  {
    "id": "f21f4f18-e076-4ae1-8841-aa6e11c196eb",
    "data": [
      {
        "text": "i need to go",
        "userDefined": false
      }
    ],
    "isTemplate": false,
    "count": 0,
    "updated": 1541121608
  },
  {
    "id": "b12de7f2-9d56-4136-bdc6-776121707b4e",
    "data": [
      {
        "text": "see you soon",
        "userDefined": false
      }
    ],
    "isTemplate": false,
    "count": 0,
    "updated": 1541121608
  },
  {
    "id": "fa665bcc-7f22-44f7-95a8-b36592009b5d",
    "data": [
      {
        "text": "bye bye",
        "userDefined": false
      }
    ],
    "isTemplate": false,
    "count": 0,
    "updated": 1541121608
  },
  {
    "id": "59fb0580-7550-4851-bb88-e5e473b6b6ac",
    "data": [
      {
        "text": "cancel",
        "userDefined": false
      }
    ],
    "isTemplate": false,
    "count": 0,
    "updated": 1541121608
  },
  {
    "id": "ccd1498c-be91-4463-9c8e-917fa6cfa6e4",
    "data": [
      {
        "text": "I want to leave",
        "userDefined": false
      }
    ],
    "isTemplate": false,
    "count": 0,
    "updated": 1541121608
  }
]